Expected Return,Expected Volatility,Sharpe Ratio
2.19173575417827,0.09544772452761376,22.648373912286022
