Strategy,Total Return,Volatility,Sharpe,Max Drawdown
Momentum (WF),-4443.298110465671,161.4303082372161,-0.004830565007906927,-5.553010327088832
Mean Reversion (WF),-4458.280475302563,161.43033381775595,-0.004846852430646135,-5.59050539035973
