Strategy,Total Return,Volatility,Sharpe,Max Drawdown
Momentum,3944.9825107436723,93.92166839759207,0.0022117266438978424,-1.1381798687638454
Mean Reversion,3943.917802032482,93.92167966888947,0.0022111294571101254,-1.1382437465991824
