sector,portfolio_weight
Consumer,0.16371637950011086
Energy,0.178743877737008
Financial,0.1741217129550289
Healthcare,0.15771701195613366
Industrial,0.158593910231124
Technology,0.16710710762059452
